Fonte,Nome Sito,Email,Telefono
aziende casearie Italia email contatti fornitori,"Contatti
Latteria Soresina
https://www.latteriasoresina.it › contatti",info@latteriasoresina.it,
,,info@caseificisrl.it,390804055853
,,info@caseariaserafini.it,0523 778218
,,commerciale@taronistore.it,390522857615
produttori di latticini e formaggi contatti,,zanetti@zanetti-spa.it,39035201511
,,commerciale@caseificioangelocroce.it,+39 0377 84236
,,info@caseificiodipasquo.com,"+39200865 79275, +39%200865 79275"
caseifici contatti Italia macchinari alimentari,,info@tecnolatspa.it,
,,info@plastitalia.it,"+39-055-8453112, +39-055-8456282, +390558456282"
,,info@pietribiasi.it,
,"Frantoio Solari Mauro - Frantoio Oleario - Produzione e ...
    Frantoio Solari Mauro
    https://frantoiosolari.it",info@frantoiosolari.it,
,"Oleificio Abbracciavento | Vendita online olio extravergine d ...
Oleificio Abbracciavento
https://www.extraverginepugliese.com",info@abbracciavento.it,390804321376
,"Vigna Fiorita: Homepage
Vigna Fiorita
https://www.vignafiorita.com",vignafiorita@gmail.com,393491534856
,,ordini@enosystem.it,"+39067185941, +39 06 7185941"
aziende olivicole e vinicole contatti certificazioni macchinari,,info@bcbwine.com,1119888505
,,discover@agricolus.com,
ristoranti catene email contatti fornitori attrezzature,,info@chefline.it,+39 049 5342967
,"Ristoattrezzature: Attrezzature professionali per la ristorazione
,"Impianti per l'Industria Alimentare
Ristoattrezzature
https://www.ristoattrezzature.com",info@ristoattrezzature.com,", +390240706810"
,,info@biepi.net,390363815511
industrie alimentari contatti macchinari certificati alimentari,,detnorskeveritasitalia@legalmail.it,
,,info@movinox.it,
Cavicchi Impianti
https://www.cavicchiimpianti.com › Settori",cavicchi@cavicchiimpianti.com,516053164
,,mbs@mbs-europe.com,"+3905213971%20, +3905213971"
aziende produzione alimentare attrezzature e macchinari email,,info@marottaevolution.it,390597471235
,,sandore@sandore.com,"+393385709491, +390445314388"
,,info@pulimarketsrl.it,
contatti supermercati distributori prodotti alimentari,,lem@lemmarket.com,
,,info@brendolan.net,442468468
supermercati catene contatti email Italia,,info@cedigros.it,
,,amministrazione@prestofresco.it,39017294119
caseifici contatti Italia macchinari alimentari,,info@almacsrl.com,
distributori macchinari alimentari certificati MOKA email contatti,"Materiali a contatto con alimenti - MOCA
Salute.Gov
https://www.salute.gov.it › portale › temi",dgsan@postacert.sanita.it.,
aziende vinicole Italia contatti email fornitura macchinari,,mori@moriluigi.it,
produttori olio extravergine contatti fornitori attrezzature alimentari,,oleificio@oleificiodimoniga.com,+39%200365%20503344
ristoranti catene email contatti fornitori attrezzature,,ifb_info@inalcafb.com,+39 059 5333220
contatti supermercati distributori prodotti alimentari,,info@alimentarizoratti.it,"02.89124195, 0289124195"
,,noale@cab-log.it,
,,info@gruppodac.eu,
,,info@proda.it,
